title,url,thumbnail_url,channel,description
"I Lost $3,500,000 On Fake Pok√©mon Cards",https://www.youtube.com/watch?v=i8lmQ5Ls6bw,https://i.ytimg.com/vi/i8lmQ5Ls6bw/hqdefault.jpg?sqp=-oaymwEcCPYBEIoBSFXyq4qpAw4IARUAAIhCGAFwAcABBg==&rs=AOn4CLBEQfvs_m5SosefzVPy3LsxrTcUXg,Logan Paul,"Drink Prime so I can get my $3,500,000 back :) Follow @DrinkPrime on Instagram ‚ñ∫ https://www.instagram.com/drinkprime/ SUBSCRIBE FOR DAILY VLOGS! ‚ñ∫ http://bit.ly/Subscribe2Logan Watch..."
He was fed up üòÇ | #shorts,https://www.youtube.com/shorts/9Ty8GRFJTq8,https://i.ytimg.com/vi/9Ty8GRFJTq8/hq2.jpg,SportsNation,He was fed up üòÇ | #shorts (via @campus.univers.cascades/IG) ‚úîÔ∏èSubscribe to ESPN+ http://espnplus.com/youtube ‚úîÔ∏è Get the ESPN App: http://www.espn.com/espn/apps/espn ‚úîÔ∏èSubscribe...
KSI True Height REVEALED!,https://www.youtube.com/shorts/yndOBJ7F0A0,https://i.ytimg.com/vi/yndOBJ7F0A0/hq2.jpg,Influenced by DEXERTO,"Influenced by Dexerto - After years of telling everyone he is 6 foot tall, KSI found himself ambushed by fans at a Walmart who brought a tape measure to find Olajide's true measurements! Influence..."
FelixThe1st X Dreya Mac- Own Brand Freestyle (feat. Finch Fetti),https://www.youtube.com/watch?v=JtmOHlvjnZQ,https://i.ytimg.com/vi/JtmOHlvjnZQ/hqdefault.jpg?sqp=-oaymwEcCPYBEIoBSFXyq4qpAw4IARUAAIhCGAFwAcABBg==&rs=AOn4CLA_vcx-TtgOSLelTR5mdVRCLkYSFw,FelixThe1st,OWN BRAND FREESTYLE OUT NOW ON ALL DIGITAL PLATFORMS: https://FelixThe1st.lnk.to/OBFID Credits: Written By FelixThe1st & Dreya Mac Produced By Finch Fetti Mix by Rass Tokyo Creative Director:...
Shawn Mendes - It'll Be Okay,https://www.youtube.com/watch?v=KrgJp7Z1Hv8,,Shawn Mendes,Listen to ‚ÄúIt‚Äôll Be Okay‚Äù Now: https://itllbeokay.lnk.to/outnow Buy tickets to tour & sign up to be first to hear about more tour dates at https://wonderthetour.com Follow Shawn: Streaming...
Pok√©mon Legends: Arceus | Gameplay Preview,https://www.youtube.com/watch?v=ERAhGia6azE,,The Official Pok√©mon YouTube channel,"Want a sneak peek at how your adventure in the Hisui region will look, Trainers? ü§© Check out this new gameplay preview ahead of the release of Pok√©mon Legends: Arceus on Friday, January..."
Barcelona vs. Real Madrid Highlights: EXTRA TIME winner! | Spanish Super Cup | ESPN FC,https://www.youtube.com/watch?v=VhmXREVK3wY,,ESPN FC,"In a Clasico played in Saudi Arabia, Barcelona and Real Madrid battle it out for the right to play in the Spanish Super Cup final. Vinicius Junior opens the scoring for Real Madrid, while Luuk..."
100 Hours In Minecraft Hardcore: Episode 1,https://www.youtube.com/watch?v=tsvd0d1Q5Fg,,Grian,"Grian surviving 100 Hours In Minecraft Hardcore I am spending 100 hours in minecraft hardcore and trying to do all the minecraft things and still survive till the end, when do you think I will..."
"Dax - Dr. Dre ft. Snoop Dogg ""Still D.R.E."" Remix [One Take Video]",https://www.youtube.com/watch?v=67Pylw3Kukc,,Dax,"LIKE, COMMENT, and SHARE...if you want more... 2022 is going to be wild...more coming when this hits 1 milli... audio on SOUNDCLOUD and AUDIOMACK only... follow DAX: @ thatsdax shot by: Logan..."
THE MOMENT WE'VE BEEN WAITING FOR!,https://www.youtube.com/watch?v=r9qXNg0QJwI,,Life Uncontained,WANT TO HELP SUPPORT OUR CHANNEL? https://www.patreon.com/lifeuncontained Check out our t-shirt shop! https://shop.spreadshirt.com/lifeuncontained Instagram: https://www.instagram.com/lifeunconta...
